-- COUNTRIES
INSERT INTO innovation_platform.countries (id,name,normalized_name,abbreviation,zip_code,active,created_at,created_by,updated_at,updated_by) VALUES
    ('dafb2e40-fabb-11ee-94e0-0242ac110002','Colombia','COLOMBIA','CO','57',1,'2024-04-15 00:05:23','root@172.17.0.1',NULL,NULL);
-- COUNTRIES
-- STATES
INSERT INTO innovation_platform.states (id,fk_country,name,normalized_name,abbreviation,active,created_at,created_by,updated_at,updated_by) VALUES
    ('d41d5018-fadc-11ee-94e0-0242ac110002','dafb2e40-fabb-11ee-94e0-0242ac110002','Antioquia','ANTIOQUIA','ANT',1,'2024-04-15 04:01:25','root@172.17.0.1',NULL,NULL);
-- STATES
-- CITIES
INSERT INTO innovation_platform.cities (id,fk_state,name,normalized_name,abbreviation,active,created_at,created_by,updated_at,updated_by) VALUES
    ('32a43022-fadd-11ee-94e0-0242ac110002','d41d5018-fadc-11ee-94e0-0242ac110002','Medellín','MEDELLIN','MED',1,'2024-04-15 04:04:03','root@172.17.0.1',NULL,NULL);
-- CITIES
-- COMPANIES
INSERT INTO innovation_platform.countries (id,name,normalized_name,abbreviation,zip_code,active,created_at,created_by,updated_at,updated_by) VALUES
    ('dafb2e40-fabb-11ee-94e0-0242ac110002','Colombia','COLOMBIA','CO','57',1,'2024-04-15 00:05:23','root@172.17.0.1',NULL,NULL);
-- COMPANIES
-- BRANCHES
INSERT INTO innovation_platform.branches (id,fk_city,fk_company,name,normalize_name,description,avatar,address,email,phone_number,active,created_at,created_by,updated_at,updated_by) VALUES
    ('be7ed35e-fadd-11ee-94e0-0242ac110002','32a43022-fadd-11ee-94e0-0242ac110002','6afca21c-fabb-11ee-94e0-0242ac110002','Universidad de San Buenaventura Sede Medellín','UNIVERSIDAD_DE_SAN_BUENAVENTURA_SEDE_MEDELLIN','Universidad de San Buenaventura Sede Medellín','https://www.usbmed.edu.co/wp-content/uploads/2019/07/usbmed-logo.png','Carrera 51D #67B-90','support@usbmed.edu.co','444 44 44',1,'2024-04-15 04:07:58','root@172.17.0.1',NULL,NULL);
-- BRANCHES
-- GENDERS
INSERT INTO innovation_platform.genders (id,abbreviation,name,normalized_name,active,created_at,created_by,updated_at,updated_by) VALUES
                                                                                                                                      ('698c7f5f-faba-11ee-94e0-0242ac110002','M','Masculino','MASCULINO',1,'2024-04-14 23:55:03','root@172.17.0.1',NULL,NULL),
                                                                                                                                      ('698c8472-faba-11ee-94e0-0242ac110002','F','Feminino','FEMININO',1,'2024-04-14 23:55:03','root@172.17.0.1',NULL,NULL),
                                                                                                                                      ('698c8582-faba-11ee-94e0-0242ac110002','O','Otro','OTRO',1,'2024-04-14 23:55:03','root@172.17.0.1',NULL,NULL);
-- GENDERS
-- DOCUMENT_TYPES
INSERT INTO innovation_platform.document_types (id,abbreviation,name,normalized_name,active,created_at,created_by,updated_at,updated_by) VALUES
                                                                                                                                             ('14aa126f-faba-11ee-94e0-0242ac110002','CC','Cédula de Ciudadanía','CEDULA_DE_CIUDADANIA',1,'2024-04-14 23:52:41','root@172.17.0.1',NULL,NULL),
                                                                                                                                             ('14aa209a-faba-11ee-94e0-0242ac110002','CE','Cédula de Extranjería','CEDULA_DE_EXTRANJERIA',1,'2024-04-14 23:52:41','root@172.17.0.1',NULL,NULL),
                                                                                                                                             ('14aa2204-faba-11ee-94e0-0242ac110002','PA','Pasaporte','PASAPORTE',1,'2024-04-14 23:52:41','root@172.17.0.1',NULL,NULL),
                                                                                                                                             ('14aa2248-faba-11ee-94e0-0242ac110002','RC','Registro Civil','REGISTRO_CIVIL',1,'2024-04-14 23:52:41','root@172.17.0.1',NULL,NULL),
                                                                                                                                             ('14aa226c-faba-11ee-94e0-0242ac110002','TI','Tarjeta de Identidad','TARJETA_DE_IDENTIDAD',1,'2024-04-14 23:52:41','root@172.17.0.1',NULL,NULL);
-- DOCUMENT_TYPES
-- MEMBERS
INSERT INTO innovation_platform.members (id,fk_document_type,fk_gender,given_name,family_name,birth_date,active,created_at,created_by,updated_at,updated_by,avatar) VALUES
                                                                                                                                                                        ('1cd2fc50-fae1-11ee-94e0-0242ac110002','14aa126f-faba-11ee-94e0-0242ac110002','698c7f5f-faba-11ee-94e0-0242ac110002','Trevor','Lawrell','1997-07-07',1,'2024-04-15 04:32:05','root@172.17.0.1',NULL,NULL,NULL),
                                                                                                                                                                        ('8b5e597d-fadf-11ee-94e0-0242ac110002','14aa126f-faba-11ee-94e0-0242ac110002','698c7f5f-faba-11ee-94e0-0242ac110002','Jane','McClary','1995-05-05',1,'2024-04-15 04:20:51','root@172.17.0.1',NULL,NULL,NULL),
                                                                                                                                                                        ('b454ba98-fe4e-11ee-9a00-0242ac110002','14aa126f-faba-11ee-94e0-0242ac110002','698c7f5f-faba-11ee-94e0-0242ac110002','Juan Esteban','Navia Perez','2003-11-29',1,'2024-04-19 13:14:08','root@172.17.0.1',NULL,NULL,'https://th.bing.com/th/id/OIP.Z_KpZNlxl7BXlZyhFyJG5wHaEo?pid=ImgDet&w=474&h=296&rs=1'),
                                                                                                                                                                        ('fbe535cf-fade-11ee-94e0-0242ac110002','14aa126f-faba-11ee-94e0-0242ac110002','698c7f5f-faba-11ee-94e0-0242ac110002','John','Doe','1990-01-01',1,'2024-04-15 04:16:51','root@172.17.0.1',NULL,NULL,NULL);
-- MEMBERS
-- ROLES
INSERT INTO innovation_platform.roles (id,name,normalized_name,description,active,created_at,created_by,updated_at,updated_by) VALUES
                                                                                                                                   ('26da04bb-fab9-11ee-94e0-0242ac110002','Admin','ADMIN','Administrator',1,'2024-04-14 23:46:02','root@172.17.0.1',NULL,NULL),
                                                                                                                                   ('26da2498-fab9-11ee-94e0-0242ac110002','Student','USER','User',1,'2024-04-14 23:46:02','root@172.17.0.1',NULL,NULL),
                                                                                                                                   ('26da2683-fab9-11ee-94e0-0242ac110002','Teacher','TEACHER','Teacher',1,'2024-04-14 23:46:02','root@172.17.0.1',NULL,NULL),
                                                                                                                                   ('26da26f7-fab9-11ee-94e0-0242ac110002','Assessor','ASSESSOR','Assessor',1,'2024-04-14 23:46:02','root@172.17.0.1',NULL,NULL);
-- ROLES
-- USERS
INSERT INTO innovation_platform.users (id,fk_branch,code,user_name,email,password_hash,document_number,phone_number,created_at,created_by,updated_at,updated_by) VALUES
                                                                                                                                                                     ('1cd2fc50-fae1-11ee-94e0-0242ac110002','be7ed35e-fadd-11ee-94e0-0242ac110002','30000012367','test_student','test_student@test.com','$2b$12$IQ0BTHVB55wXnW.uQuv94u4eAsRHzvQvwP4/cY9wng8A.Hwsvg9cm','3124567098','3124567098','2024-04-15 04:32:05','root@172.17.0.1',NULL,NULL),
                                                                                                                                                                     ('8b5e597d-fadf-11ee-94e0-0242ac110002','be7ed35e-fadd-11ee-94e0-0242ac110002','30000012345','test_assessor','test_assessor@test.com','$2b$12$IQ0BTHVB55wXnW.uQuv94u4eAsRHzvQvwP4/cY9wng8A.Hwsvg9cm','1234567098','1234567098','2024-04-15 04:20:51','root@172.17.0.1',NULL,NULL),
                                                                                                                                                                     ('b454ba98-fe4e-11ee-9a00-0242ac110002','be7ed35e-fadd-11ee-94e0-0242ac110002','30000081167','jnavia','juan.navia211@tau.usbmed.edu.co','$2b$12$mfv0qHdIax2YuNSoUyRl6u/91SRgNIO3tOolklYXGnR0vShDpU5/a','1020102020','3102666396','2024-04-19 13:14:08','root@172.17.0.1',NULL,NULL),
                                                                                                                                                                     ('fbe535cf-fade-11ee-94e0-0242ac110002','be7ed35e-fadd-11ee-94e0-0242ac110002','30000012134','test','test@test.com','$2b$12$IQ0BTHVB55wXnW.uQuv94u4eAsRHzvQvwP4/cY9wng8A.Hwsvg9cm','1234567890','1234567890','2024-04-15 04:16:51','root@172.17.0.1',NULL,NULL);
-- USERS
-- USER_ROLES
INSERT INTO innovation_platform.user_roles (id,fk_user,fk_role,created_at,created_by,updated_at,updated_by) VALUES
                                                                                                                ('1cdd8d00-fae1-11ee-94e0-0242ac110002','1cd2fc50-fae1-11ee-94e0-0242ac110002','26da2498-fab9-11ee-94e0-0242ac110002','2024-04-15 04:32:05','root@172.17.0.1',NULL,NULL),
                                                                                                                ('3ffcf1dd-fae0-11ee-94e0-0242ac110002','fbe535cf-fade-11ee-94e0-0242ac110002','26da04bb-fab9-11ee-94e0-0242ac110002','2024-04-15 04:25:54','root@172.17.0.1',NULL,NULL),
                                                                                                                ('8b6d247f-fadf-11ee-94e0-0242ac110002','8b5e597d-fadf-11ee-94e0-0242ac110002','26da26f7-fab9-11ee-94e0-0242ac110002','2024-04-15 04:20:51','root@172.17.0.1',NULL,NULL),
                                                                                                                ('b4557e51-fe4e-11ee-9a00-0242ac110002','b454ba98-fe4e-11ee-9a00-0242ac110002','26da04bb-fab9-11ee-94e0-0242ac110002','2024-04-19 13:14:08','root@172.17.0.1',NULL,NULL);
-- USER_ROLES
-- PROJECT_TYPES
INSERT INTO innovation_platform.project_types (id,name,normalize_name,active,created_at,created_by,updated_at,updated_by) VALUES
                                                                                                                              ('ead2e06a-fba9-11ee-b6cb-0242ac110002','Grado','GRADO',1,'2024-04-16 04:29:30','root@172.17.0.1',NULL,NULL),
                                                                                                                              ('ead2f72e-fba9-11ee-b6cb-0242ac110002','Investigación','INVESTIGACION',1,'2024-04-16 04:29:30','root@172.17.0.1',NULL,NULL),
                                                                                                                              ('ead2f8dd-fba9-11ee-b6cb-0242ac110002','Facultad','FACULTAD',1,'2024-04-16 04:29:30','root@172.17.0.1',NULL,NULL);
-- PROJECT_TYPES
-- PROJECTS
INSERT INTO innovation_platform.projects (id,fk_assessor,fk_type,status,title,normalized_title,description,active,created_at,created_by,updated_at,updated_by,deliverable_folder_id) VALUES
                                                                                                                                                                                         ('03593687-8441-4091-841d-2057b5ca8ea7','8b5e597d-fadf-11ee-94e0-0242ac110002','ead2f8dd-fba9-11ee-b6cb-0242ac110002','Pendiente','Prueba de proyecto 5.','PRUEBA_DE_PROYECTO_5','Esto es un proyecto de prueba.',1,'2024-05-17 06:12:46','root@172.17.0.1',NULL,NULL,'b066e7e5-f868-4330-a76e-d5150c9eef2d'),
                                                                                                                                                                                         ('0c95e404-fbfa-11ee-b695-0242ac110002','8b5e597d-fadf-11ee-94e0-0242ac110002','ead2e06a-fba9-11ee-b6cb-0242ac110002','Pendiente','Proyecto de Prueba','PROYECTO_DE_PRUEBA','Esto es un proyecto de prueba',0,'2024-04-16 14:03:06','root@172.17.0.1',NULL,NULL,NULL),
                                                                                                                                                                                         ('0d14d476-4f86-4e4b-8c30-650a401f3459','8b5e597d-fadf-11ee-94e0-0242ac110002','ead2e06a-fba9-11ee-b6cb-0242ac110002','Pendiente','Proyecto de prueba UI 6790768','PROYECTO_DE_PRUEBA_UI_6790768','Este es un proyecto de prueba desde la UI.',0,'2024-05-13 19:35:17','root@172.17.0.1',NULL,NULL,NULL),
                                                                                                                                                                                         ('17e20f8a-179b-4b22-8ec6-29ef9fd442bf','8b5e597d-fadf-11ee-94e0-0242ac110002','ead2e06a-fba9-11ee-b6cb-0242ac110002','Pendiente','Proyecto de prueba UI 67','PROYECTO_DE_PRUEBA_UI_67','Esto es un proyecto de prueba desde la UI.',0,'2024-05-13 18:46:22','root@172.17.0.1',NULL,NULL,NULL),
                                                                                                                                                                                         ('2888c4e1-ec05-4bb0-bfd2-b987cf9e96fe','8b5e597d-fadf-11ee-94e0-0242ac110002','ead2f72e-fba9-11ee-b6cb-0242ac110002','Pendiente','Proyecto de prueba UI','PROYECTO_DE_PRUEBA_UI','Esto es un proyecto de prueba UI',0,'2024-05-10 14:34:20','root@172.17.0.1',NULL,NULL,NULL),
                                                                                                                                                                                         ('366be849-7e77-4b0e-97f8-2bf1a1a04f62','8b5e597d-fadf-11ee-94e0-0242ac110002','ead2e06a-fba9-11ee-b6cb-0242ac110002','Pendiente','Proyecto de prueba UI 1115','PROYECTO_DE_PRUEBA_UI_1115','Este es un proyecto de prueba desde la UI.',0,'2024-05-13 21:05:20','root@172.17.0.1',NULL,NULL,NULL),
                                                                                                                                                                                         ('3a52634e-2bc4-4b30-8563-8723bb0962bb','8b5e597d-fadf-11ee-94e0-0242ac110002','ead2f8dd-fba9-11ee-b6cb-0242ac110002','Pendiente','Proyecto de prueba UI 4','PROYECTO_DE_PRUEBA_UI_4','Esto es un proyecto de prueba UI 4',0,'2024-05-10 14:58:42','root@172.17.0.1',NULL,NULL,NULL),
                                                                                                                                                                                         ('3fb59744-7cc2-45d0-bf5e-45e2680a2d2a','8b5e597d-fadf-11ee-94e0-0242ac110002','ead2e06a-fba9-11ee-b6cb-0242ac110002','Pendiente','Modulo de proyectos','MODULO_DE_PROYECTOS','Esto es un proyecto de prueba sobre el modulo de proyectos.',0,'2024-05-17 15:11:04','root@172.17.0.1',NULL,NULL,'4beae11a-97d9-4ac5-b700-a9c9b33f8fc7'),
                                                                                                                                                                                         ('4062c48b-8322-408e-a81d-bd7a016f22fb','8b5e597d-fadf-11ee-94e0-0242ac110002','ead2f8dd-fba9-11ee-b6cb-0242ac110002','Pendiente','Proyecto de prueba UI 1116','PROYECTO_DE_PRUEBA_UI_1116','Este es un proyecto de prueba desde la UI.',0,'2024-05-13 21:26:52','root@172.17.0.1',NULL,NULL,NULL),
                                                                                                                                                                                         ('409395e1-ea7e-4b9b-b232-3f4667b1b6b2','8b5e597d-fadf-11ee-94e0-0242ac110002','ead2e06a-fba9-11ee-b6cb-0242ac110002','Pendiente','Prueba de proyecto UI 4.','PRUEBA_DE_PROYECTO_UI_4','Esto es un proyecto de prueba.',1,'2024-05-17 04:52:05','root@172.17.0.1',NULL,NULL,'c21eaff8-939b-4055-b468-3377fa3e0d23');
INSERT INTO innovation_platform.projects (id,fk_assessor,fk_type,status,title,normalized_title,description,active,created_at,created_by,updated_at,updated_by,deliverable_folder_id) VALUES
                                                                                                                                                                                         ('4e1c9952-6d7d-40cd-838b-2cc706c9d476','8b5e597d-fadf-11ee-94e0-0242ac110002','ead2f8dd-fba9-11ee-b6cb-0242ac110002','Pendiente','Proyecto de Prueba UI 2','PROYECTO_DE_PRUEBA_UI_2','Esto es un proyecto de prueba UI 2.',0,'2024-05-10 14:51:02','root@172.17.0.1',NULL,NULL,NULL),
                                                                                                                                                                                         ('51bf2858-87ce-47d5-a432-92be9a8f25bf','8b5e597d-fadf-11ee-94e0-0242ac110002','ead2e06a-fba9-11ee-b6cb-0242ac110002','Pendiente','Proyecto de prueba UI 1113','PROYECTO_DE_PRUEBA_UI_1113','Este es un proyecto de prueba desde la UI.',0,'2024-05-13 20:12:03','root@172.17.0.1',NULL,NULL,NULL),
                                                                                                                                                                                         ('6ca0ecf3-421d-4083-bc9b-d19da2f52975','8b5e597d-fadf-11ee-94e0-0242ac110002','ead2e06a-fba9-11ee-b6cb-0242ac110002','Pendiente','Proyecto de prueba UI 679','PROYECTO_DE_PRUEBA_UI_679','Esto es un proyecto de prueba desde la UI.',0,'2024-05-13 18:47:30','root@172.17.0.1',NULL,NULL,NULL),
                                                                                                                                                                                         ('797199c6-b430-4166-b55f-bd54616dbede','8b5e597d-fadf-11ee-94e0-0242ac110002','ead2f72e-fba9-11ee-b6cb-0242ac110002','Pendiente','Prueba de proyecto UI 5.','PRUEBA_DE_PROYECTO_UI_5','Esto es un proyecto de prueba.',1,'2024-05-17 06:06:12','root@172.17.0.1',NULL,NULL,'34ce9b2f-1abd-4fcb-97e6-6b85aad39b81'),
                                                                                                                                                                                         ('81870387-0c5e-493f-9f7e-71a49f7caf2f','8b5e597d-fadf-11ee-94e0-0242ac110002','ead2f72e-fba9-11ee-b6cb-0242ac110002','Pendiente','Proyecto de prueba 2','PROYECTO_DE_PRUEBA_2','Esto es un proyecto de prueba',0,'2024-05-08 15:13:16','root@172.17.0.1',NULL,NULL,NULL),
                                                                                                                                                                                         ('8589137f-0d81-4ee2-9bf7-2d469834d47f','8b5e597d-fadf-11ee-94e0-0242ac110002','ead2f8dd-fba9-11ee-b6cb-0242ac110002','Pendiente','Proyecto de prueba UI 679076','PROYECTO_DE_PRUEBA_UI_679076','Este es un proyecto de prueba desde la UI.',0,'2024-05-13 18:52:40','root@172.17.0.1',NULL,NULL,NULL),
                                                                                                                                                                                         ('a64b914c-9267-443a-8a02-09c94195a379','8b5e597d-fadf-11ee-94e0-0242ac110002','ead2f72e-fba9-11ee-b6cb-0242ac110002','Pendiente','Prueba de proyecto UI 2','PRUEBA_DE_PROYECTO_UI_2','Esto es un proyecto de prueba.',1,'2024-05-16 03:45:46','root@172.17.0.1',NULL,NULL,NULL),
                                                                                                                                                                                         ('ab17362b-063f-4ad1-94a2-45ed7ccaccb9','8b5e597d-fadf-11ee-94e0-0242ac110002','ead2f8dd-fba9-11ee-b6cb-0242ac110002','Pendiente','Prueba de proyecto UI 6.','PRUEBA_DE_PROYECTO_UI_6','Esto es un proyecto de prueba.',0,'2024-05-17 06:16:27','root@172.17.0.1',NULL,NULL,'1dece13a-c1ea-457e-8544-f90f4cdc9615'),
                                                                                                                                                                                         ('abf3c3b3-699c-4cbc-a080-1a4ddb428e4f','8b5e597d-fadf-11ee-94e0-0242ac110002','ead2e06a-fba9-11ee-b6cb-0242ac110002','Pendiente','Proyecto de prueba UI 67907690','PROYECTO_DE_PRUEBA_UI_67907690','Este es un proyecto de prueba desde la UI.',0,'2024-05-13 19:10:01','root@172.17.0.1',NULL,NULL,NULL),
                                                                                                                                                                                         ('ae304762-bd0d-46a5-a61d-73c29eb29d8e','8b5e597d-fadf-11ee-94e0-0242ac110002','ead2e06a-fba9-11ee-b6cb-0242ac110002','Pendiente','Proyecto de prueba UI 1112','PROYECTO_DE_PRUEBA_UI_1112','Este es un proyecto de prueba desde la UI.',0,'2024-05-13 20:03:31','root@172.17.0.1',NULL,NULL,NULL);
INSERT INTO innovation_platform.projects (id,fk_assessor,fk_type,status,title,normalized_title,description,active,created_at,created_by,updated_at,updated_by,deliverable_folder_id) VALUES
                                                                                                                                                                                         ('b460cfd1-9580-4b73-acbd-45fa7166f280','8b5e597d-fadf-11ee-94e0-0242ac110002','ead2f72e-fba9-11ee-b6cb-0242ac110002','Pendiente','Proyecto de prueba UI 1111','PROYECTO_DE_PRUEBA_UI_1111','Este es un proyecto de prueba desde la UI.',0,'2024-05-13 19:51:18','root@172.17.0.1',NULL,NULL,NULL),
                                                                                                                                                                                         ('b5723dd4-8ea8-4998-a511-4b234a85d73b','8b5e597d-fadf-11ee-94e0-0242ac110002','ead2e06a-fba9-11ee-b6cb-0242ac110002','Pendiente','Prueba de proyecto UI 1','PRUEBA_DE_PROYECTO_UI_1','Esto es un proyecto de prueba.',0,'2024-05-16 03:32:23','root@172.17.0.1',NULL,NULL,NULL),
                                                                                                                                                                                         ('b6f73608-bd1e-4db4-a065-c0336c8aacee','8b5e597d-fadf-11ee-94e0-0242ac110002','ead2f8dd-fba9-11ee-b6cb-0242ac110002','Pendiente','Proyecto de prueba UI 6790767','PROYECTO_DE_PRUEBA_UI_6790767','Este es un proyecto de prueba desde la UI.',0,'2024-05-13 19:34:18','root@172.17.0.1',NULL,NULL,NULL),
                                                                                                                                                                                         ('cf7ff8d4-ed82-413d-af45-0587ee489806','8b5e597d-fadf-11ee-94e0-0242ac110002','ead2f8dd-fba9-11ee-b6cb-0242ac110002','Pendiente','Proyecto de prueba UI 1117','PROYECTO_DE_PRUEBA_UI_1117','Este es un proyecto de prueba desde la UI.',0,'2024-05-13 21:32:34','root@172.17.0.1',NULL,NULL,NULL),
                                                                                                                                                                                         ('f0e294fc-aea3-4bad-a762-cde81a3a27cd','8b5e597d-fadf-11ee-94e0-0242ac110002','ead2e06a-fba9-11ee-b6cb-0242ac110002','Pendiente','Proyecto de prueba UI 1114','PROYECTO_DE_PRUEBA_UI_1114','Este es un proyecto de prueba desde la UI.',0,'2024-05-13 20:57:45','root@172.17.0.1',NULL,NULL,NULL);
-- PROJECTS
-- PROJECT_ASSESSORS
INSERT INTO innovation_platform.project_assessors (id,code,active,created_at,created_by,updated_at,updated_by) VALUES
    ('8b5e597d-fadf-11ee-94e0-0242ac110002','0987654321',1,'2024-04-15 04:20:51','root@172.17.0.1',NULL,NULL);
-- PROJECT_ASSESSORS
-- PROJECT_AUTHORS
INSERT INTO innovation_platform.project_authors (id,fk_project,fk_author,created_at,created_by) VALUES
                                                                                                    ('0c95f328-fbfa-11ee-b695-0242ac110002','0c95e404-fbfa-11ee-b695-0242ac110002','1cd2fc50-fae1-11ee-94e0-0242ac110002','2024-04-16 14:03:06','root@172.17.0.1'),
                                                                                                    ('109416db-1165-11ef-9ff8-0242ac110002','51bf2858-87ce-47d5-a432-92be9a8f25bf','1cd2fc50-fae1-11ee-94e0-0242ac110002','2024-05-13 20:12:03','root@172.17.0.1'),
                                                                                                    ('17dba6fc-1159-11ef-9ff8-0242ac110002','17e20f8a-179b-4b22-8ec6-29ef9fd442bf','1cd2fc50-fae1-11ee-94e0-0242ac110002','2024-05-13 18:46:22','root@172.17.0.1'),
                                                                                                    ('2a4bb728-1162-11ef-9ff8-0242ac110002','b460cfd1-9580-4b73-acbd-45fa7166f280','1cd2fc50-fae1-11ee-94e0-0242ac110002','2024-05-13 19:51:18','root@172.17.0.1'),
                                                                                                    ('3534a9ac-1409-11ef-aa39-0242ac110002','409395e1-ea7e-4b9b-b232-3f4667b1b6b2','1cd2fc50-fae1-11ee-94e0-0242ac110002','2024-05-17 04:52:05','root@172.17.0.1'),
                                                                                                    ('407337fa-1159-11ef-9ff8-0242ac110002','6ca0ecf3-421d-4083-bc9b-d19da2f52975','1cd2fc50-fae1-11ee-94e0-0242ac110002','2024-05-13 18:47:30','root@172.17.0.1'),
                                                                                                    ('4f9159d5-1170-11ef-9ff8-0242ac110002','cf7ff8d4-ed82-413d-af45-0587ee489806','1cd2fc50-fae1-11ee-94e0-0242ac110002','2024-05-13 21:32:34','root@172.17.0.1'),
                                                                                                    ('63580863-0eda-11ef-b639-0242ac110002','2888c4e1-ec05-4bb0-bfd2-b987cf9e96fe','1cd2fc50-fae1-11ee-94e0-0242ac110002','2024-05-10 14:34:20','root@172.17.0.1'),
                                                                                                    ('65f9829c-115c-11ef-9ff8-0242ac110002','abf3c3b3-699c-4cbc-a080-1a4ddb428e4f','1cd2fc50-fae1-11ee-94e0-0242ac110002','2024-05-13 19:10:01','root@172.17.0.1'),
                                                                                                    ('72b5592a-116b-11ef-9ff8-0242ac110002','f0e294fc-aea3-4bad-a762-cde81a3a27cd','1cd2fc50-fae1-11ee-94e0-0242ac110002','2024-05-13 20:57:45','root@172.17.0.1');
INSERT INTO innovation_platform.project_authors (id,fk_project,fk_author,created_at,created_by) VALUES
                                                                                                    ('7ac0b3f8-1414-11ef-aa39-0242ac110002','03593687-8441-4091-841d-2057b5ca8ea7','1cd2fc50-fae1-11ee-94e0-0242ac110002','2024-05-17 06:12:46','root@172.17.0.1'),
                                                                                                    ('7f3001de-0d4d-11ef-b5e4-0242ac110002','81870387-0c5e-493f-9f7e-71a49f7caf2f','1cd2fc50-fae1-11ee-94e0-0242ac110002','2024-05-08 15:13:16','root@172.17.0.1'),
                                                                                                    ('81a63dc2-116c-11ef-9ff8-0242ac110002','366be849-7e77-4b0e-97f8-2bf1a1a04f62','1cd2fc50-fae1-11ee-94e0-0242ac110002','2024-05-13 21:05:20','root@172.17.0.1'),
                                                                                                    ('840f36a4-116f-11ef-9ff8-0242ac110002','4062c48b-8322-408e-a81d-bd7a016f22fb','1cd2fc50-fae1-11ee-94e0-0242ac110002','2024-05-13 21:26:52','root@172.17.0.1'),
                                                                                                    ('8ff493b5-1413-11ef-aa39-0242ac110002','797199c6-b430-4166-b55f-bd54616dbede','1cd2fc50-fae1-11ee-94e0-0242ac110002','2024-05-17 06:06:12','root@172.17.0.1'),
                                                                                                    ('addb6f57-145f-11ef-8a22-0242ac110002','3fb59744-7cc2-45d0-bf5e-45e2680a2d2a','1cd2fc50-fae1-11ee-94e0-0242ac110002','2024-05-17 15:11:04','root@172.17.0.1'),
                                                                                                    ('b893ab8a-0edc-11ef-b639-0242ac110002','4e1c9952-6d7d-40cd-838b-2cc706c9d476','1cd2fc50-fae1-11ee-94e0-0242ac110002','2024-05-10 14:51:02','root@172.17.0.1'),
                                                                                                    ('c72ffadf-1336-11ef-a545-0242ac110002','a64b914c-9267-443a-8a02-09c94195a379','1cd2fc50-fae1-11ee-94e0-0242ac110002','2024-05-16 03:45:46','root@172.17.0.1'),
                                                                                                    ('ca060a0b-115f-11ef-9ff8-0242ac110002','b6f73608-bd1e-4db4-a065-c0336c8aacee','1cd2fc50-fae1-11ee-94e0-0242ac110002','2024-05-13 19:34:18','root@172.17.0.1'),
                                                                                                    ('cb007d35-0edd-11ef-b639-0242ac110002','3a52634e-2bc4-4b30-8563-8723bb0962bb','1cd2fc50-fae1-11ee-94e0-0242ac110002','2024-05-10 14:58:42','root@172.17.0.1');
INSERT INTO innovation_platform.project_authors (id,fk_project,fk_author,created_at,created_by) VALUES
                                                                                                    ('def67e5e-1163-11ef-9ff8-0242ac110002','ae304762-bd0d-46a5-a61d-73c29eb29d8e','1cd2fc50-fae1-11ee-94e0-0242ac110002','2024-05-13 20:03:31','root@172.17.0.1'),
                                                                                                    ('e89324a5-1334-11ef-a545-0242ac110002','b5723dd4-8ea8-4998-a511-4b234a85d73b','1cd2fc50-fae1-11ee-94e0-0242ac110002','2024-05-16 03:32:23','root@172.17.0.1'),
                                                                                                    ('ed852862-115f-11ef-9ff8-0242ac110002','0d14d476-4f86-4e4b-8c30-650a401f3459','1cd2fc50-fae1-11ee-94e0-0242ac110002','2024-05-13 19:35:17','root@172.17.0.1'),
                                                                                                    ('f937ef72-1159-11ef-9ff8-0242ac110002','8589137f-0d81-4ee2-9bf7-2d469834d47f','1cd2fc50-fae1-11ee-94e0-0242ac110002','2024-05-13 18:52:40','root@172.17.0.1'),
                                                                                                    ('fe5bfc97-1414-11ef-aa39-0242ac110002','ab17362b-063f-4ad1-94a2-45ed7ccaccb9','1cd2fc50-fae1-11ee-94e0-0242ac110002','2024-05-17 06:16:27','root@172.17.0.1');
-- PROJECT_AUTHORS
-- DELIVERABLE_STATES
INSERT INTO innovation_platform.deliverable_states (id,name,normalize_name,active,created_at,created_by,updated_at,updated_by) VALUES
                                                                                                                                   ('d9015c15-0c13-11ef-bd8a-0242ac110002','Completado','COMPLETADO',1,'2024-05-07 01:48:05','root@172.17.0.1',NULL,NULL),
                                                                                                                                   ('d9015f7a-0c13-11ef-bd8a-0242ac110002','En Revision','EN_REVISION',1,'2024-05-07 01:48:05','root@172.17.0.1',NULL,NULL),
                                                                                                                                   ('d9016099-0c13-11ef-bd8a-0242ac110002','Por Corregir','POR_CORREGIR',1,'2024-05-07 01:48:05','root@172.17.0.1',NULL,NULL),
                                                                                                                                   ('d90160e6-0c13-11ef-bd8a-0242ac110002','Cancelado','CANCELADO',1,'2024-05-07 01:48:05','root@172.17.0.1',NULL,NULL),
                                                                                                                                   ('d9016122-0c13-11ef-bd8a-0242ac110002','Pendiente','PENDIENTE',1,'2024-05-07 01:48:05','root@172.17.0.1',NULL,NULL);
-- DELIVERABLE_STATES
-- DELIVERABLE_TYPES
INSERT INTO innovation_platform.deliverable_types (id,abbreviation,extension,name,normalize_name,active,created_at,created_by,updated_at,updated_by) VALUES
                                                                                                                                                         ('3597dfe9-fb60-11ee-8265-0242ac110002','PDF','.pdf','Portable Document Format','PORTABLE_DOCUMENT_FORMAT',1,'2024-04-15 19:41:52','root@172.17.0.1',NULL,NULL),
                                                                                                                                                         ('3599b0fe-fb60-11ee-8265-0242ac110002','DOCX','.docx','Microsoft Word Document','MICROSOFT_WORD_DOCUMENT',1,'2024-04-15 19:41:52','root@172.17.0.1',NULL,NULL);
-- DELIVERABLE_TYPES
-- DELIVERABLES
INSERT INTO innovation_platform.project_deliverables (id,fk_type,fk_project,name,normalized_name,url,description,active,created_at,created_by,updated_at,updated_by,fk_state) VALUES
                                                                                                                                                                                  ('0c960c7b-fbfa-11ee-b695-0242ac110002','3597dfe9-fb60-11ee-8265-0242ac110002','0c95e404-fbfa-11ee-b695-0242ac110002','Archivo de Prueba 1','ARCHIVO_DE_PRUEBA_1','http://www.example.com/files/test.pdf','3597dfe9-fb60-11ee-8265-0242ac110002,Archivo de Prueba 1,http://www.example.com/files/test.pdf,Esto es un archivo de prueba.',0,'2024-04-16 14:03:06','root@172.17.0.1',NULL,NULL,'d9016122-0c13-11ef-bd8a-0242ac110002'),
                                                                                                                                                                                  ('244f32ae-9e4d-49ce-9b97-6f68ff1f680e','3599b0fe-fb60-11ee-8265-0242ac110002','ab17362b-063f-4ad1-94a2-45ed7ccaccb9','Anexo 1 Acta de inicio y propiedad intelectual-Ingeniería de Sw y Dx','ANEXO_1_ACTA_DE_INICIO_Y_PROPIEDAD_INTELECTUAL-INGENIERIA_DE_SW_Y_DX','https://firebasestorage.googleapis.com/v0/b/innovation-platform-c673c.appspot.com/o/deliverables%2F1dece13a-c1ea-457e-8544-f90f4cdc9615%2FAnexo%201%20Acta%20de%20inicio%20y%20propiedad%20intelectual-Ingenier%C3%ADa%20de%20Sw%20y%20Dx.docx?alt=media&token=96f7d957-74d9-4811-b856-6a2dde5f5530','',0,'2024-05-17 06:16:27','root@172.17.0.1',NULL,NULL,'d9016122-0c13-11ef-bd8a-0242ac110002'),
                                                                                                                                                                                  ('4dcbbaab-7ef4-4738-afde-4c5c9080103e','3599b0fe-fb60-11ee-8265-0242ac110002','797199c6-b430-4166-b55f-bd54616dbede','Levantamiento Requerimientos Plataforma Proyectos 2024-1.docx','LEVANTAMIENTO_REQUERIMIENTOS_PLATAFORMA_PROYECTOS_2024-1DOCX','https://firebasestorage.googleapis.com/v0/b/innovation-platform-c673c.appspot.com/o/deliverables%2F34ce9b2f-1abd-4fcb-97e6-6b85aad39b81%2FLevantamiento%20Requerimientos%20Plataforma%20Proyectos%202024-1.docx?alt=media&token=93c601db-ecf2-432f-aac9-ac5801d02634','',1,'2024-05-17 06:06:12','root@172.17.0.1',NULL,NULL,'d9016122-0c13-11ef-bd8a-0242ac110002'),
                                                                                                                                                                                  ('76750114-5b12-4044-933b-bf7a0c9096f6','3599b0fe-fb60-11ee-8265-0242ac110002','797199c6-b430-4166-b55f-bd54616dbede','Objetivos','OBJETIVOS','https://firebasestorage.googleapis.com/v0/b/innovation-platform-c673c.appspot.com/o/deliverables%2Fb066e7e5-f868-4330-a76e-d5150c9eef2d%2FObjetivos.docx?alt=media&token=81982f27-5868-42da-9836-6ea5cedf1b76','',1,'2024-05-17 06:14:26','root@172.17.0.1',NULL,NULL,'d9016122-0c13-11ef-bd8a-0242ac110002'),
                                                                                                                                                                                  ('900afe83-50a9-403c-befe-477e9bf36a28','3599b0fe-fb60-11ee-8265-0242ac110002','409395e1-ea7e-4b9b-b232-3f4667b1b6b2','Anexo 1 Acta de inicio y propiedad intelectual-Ingeniería de Sw y Dx (1).docx','ANEXO_1_ACTA_DE_INICIO_Y_PROPIEDAD_INTELECTUAL-INGENIERIA_DE_SW_Y_DX_1DOCX','https://firebasestorage.googleapis.com/v0/b/innovation-platform-c673c.appspot.com/o/deliverables%2Fc21eaff8-939b-4055-b468-3377fa3e0d23%2FAnexo%201%20Acta%20de%20inicio%20y%20propiedad%20intelectual-Ingenier%C3%ADa%20de%20Sw%20y%20Dx%20(1).docx?alt=media&token=9bc7fd0f-30da-4f7d-930b-34a7275e2cbe','',1,'2024-05-17 06:01:49','root@172.17.0.1',NULL,NULL,'d9016122-0c13-11ef-bd8a-0242ac110002'),
                                                                                                                                                                                  ('a98dfdfa-dce7-4c2c-807f-93af31041ae5','3599b0fe-fb60-11ee-8265-0242ac110002','03593687-8441-4091-841d-2057b5ca8ea7','Objetivos','OBJETIVOS','https://firebasestorage.googleapis.com/v0/b/innovation-platform-c673c.appspot.com/o/deliverables%2Fb066e7e5-f868-4330-a76e-d5150c9eef2d%2FObjetivos.docx?alt=media&token=81982f27-5868-42da-9836-6ea5cedf1b76','',1,'2024-05-17 06:14:49','root@172.17.0.1',NULL,NULL,'d9016122-0c13-11ef-bd8a-0242ac110002'),
                                                                                                                                                                                  ('bb58e465-48a5-44a7-a685-fca846f41791','3599b0fe-fb60-11ee-8265-0242ac110002','03593687-8441-4091-841d-2057b5ca8ea7','Objetivos','OBJETIVOS','https://firebasestorage.googleapis.com/v0/b/innovation-platform-c673c.appspot.com/o/deliverables%2Fb066e7e5-f868-4330-a76e-d5150c9eef2d%2FObjetivos.docx?alt=media&token=81982f27-5868-42da-9836-6ea5cedf1b76','',1,'2024-05-17 06:13:04','root@172.17.0.1',NULL,NULL,'d9016122-0c13-11ef-bd8a-0242ac110002'),
                                                                                                                                                                                  ('c814cc26-7410-4b5f-a723-ed24418f6d06','3597dfe9-fb60-11ee-8265-0242ac110002','ab17362b-063f-4ad1-94a2-45ed7ccaccb9','8fc5c87b-34c9-4439-9ced-7e1841026dec','8FC5C87B-34C9-4439-9CED-7E1841026DEC','https://firebasestorage.googleapis.com/v0/b/innovation-platform-c673c.appspot.com/o/deliverables%2F1dece13a-c1ea-457e-8544-f90f4cdc9615%2F8fc5c87b-34c9-4439-9ced-7e1841026dec.pdf?alt=media&token=5828a509-3adb-446d-804f-a785722f7f81','',0,'2024-05-17 06:16:27','root@172.17.0.1',NULL,NULL,'d9016122-0c13-11ef-bd8a-0242ac110002'),
                                                                                                                                                                                  ('e48b6fde-681d-49ba-be04-f2bd4b1f2983','3599b0fe-fb60-11ee-8265-0242ac110002','3fb59744-7cc2-45d0-bf5e-45e2680a2d2a','Objetivos','OBJETIVOS','https://firebasestorage.googleapis.com/v0/b/innovation-platform-c673c.appspot.com/o/deliverables%2F4beae11a-97d9-4ac5-b700-a9c9b33f8fc7%2FObjetivos.docx?alt=media&token=354efe9d-aace-4c01-9013-de28597298c9','',0,'2024-05-17 15:11:04','root@172.17.0.1',NULL,NULL,'d9016122-0c13-11ef-bd8a-0242ac110002'),
                                                                                                                                                                                  ('e9b1c427-cfaa-4620-8612-c1c368701b88','3599b0fe-fb60-11ee-8265-0242ac110002','3fb59744-7cc2-45d0-bf5e-45e2680a2d2a','development_plan','DEVELOPMENT_PLAN','https://firebasestorage.googleapis.com/v0/b/innovation-platform-c673c.appspot.com/o/deliverables%2F4beae11a-97d9-4ac5-b700-a9c9b33f8fc7%2Fdevelopment_plan.docx?alt=media&token=196b91c9-69b5-498c-bc87-fb4e3b9e59e8','',0,'2024-05-17 15:11:04','root@172.17.0.1',NULL,NULL,'d9016122-0c13-11ef-bd8a-0242ac110002');
-- DELIVERABLES
